{"acc": 0.7502598762512207, "prec0": 0.7499350905418396, "prec1": 0.7505854964256287, "rec0": 0.7509095668792725, "rec1": 0.749610185623169, "auroc": 0.8318566209840899, "auprc": 0.8268497793621643, "minpse": 0.7496101871101871}