{"acc": 0.9834979176521301, "prec0": 0.9744963049888611, "prec1": 0.9928476810455322, "rec0": 0.992983341217041, "rec1": 0.9740124940872192, "auroc": 0.9987832445156055, "auprc": 0.9988539282582838, "minpse": 0.9740292807129217}