{"acc": 0.7059511542320251, "prec0": 0.6953414082527161, "prec1": 0.7177796363830566, "rec0": 0.7331081032752991, "rec1": 0.6787942051887512, "auroc": 0.7752355558521098, "auprc": 0.7656256629827617, "minpse": 0.7079381577237885}