{"acc": 0.6407874226570129, "prec0": 0.6070969700813293, "prec1": 0.7054028511047363, "rec0": 0.7980769276618958, "rec1": 0.4834979176521301, "auroc": 0.7097110701052683, "auprc": 0.7289246848632597, "minpse": 0.6480519480519481}