{"acc": 0.9840176701545715, "prec0": 0.9741598963737488, "prec1": 0.9942940473556519, "rec0": 0.9944126605987549, "rec1": 0.9736226797103882, "auroc": 0.9989737189662475, "auprc": 0.9989839169603733, "minpse": 0.974891664542442}