{"acc": 0.7080301642417908, "prec0": 0.696200966835022, "prec1": 0.7213771939277649, "rec0": 0.7381756901741028, "rec1": 0.6778846383094788, "auroc": 0.7762553872789709, "auprc": 0.7672644366060483, "minpse": 0.7112465948890907}