{"acc": 0.7509745359420776, "prec0": 0.7514646649360657, "prec1": 0.7504863142967224, "rec0": 0.75, "rec1": 0.7519490718841553, "auroc": 0.832423950017505, "auprc": 0.823965912150804, "minpse": 0.7509742790335152}