{"acc": 0.6339007019996643, "prec0": 0.5975944399833679, "prec1": 0.7132216095924377, "rec0": 0.81990647315979, "rec1": 0.44789502024650574, "auroc": 0.7108088961892887, "auprc": 0.7258797921182634, "minpse": 0.6495139338950098}